title,addr1,mapx,mapy,eventstartdate,eventenddate
가락몰 빵축제 전국빵지자랑,서울특별시 송파구 양재대로 932 (가락동),127.1107693087,37.4960786971,20250509,20250511
가야문화축제,경상남도 김해시 분성로261번길 35 (봉황동),128.8759611362,35.2350661468,20250410,20250413
가파도청보리축제,제주특별자치도 서귀포시 대정읍,126.2717384970,33.1701766897,20250404,20250506
감악산 해맞이 행사,경상남도 거창군 신원면 덕산리,127.9164356976,35.5913086552,20250101,20250101
강릉단오제,강원특별자치도 강릉시 단오장길 1,128.8950169869,37.7482134974,20250527,20250603
강릉커피축제,강원특별자치도 강릉시 창해로14번길 20-1 (견소동),128.9473365175,37.7726644683,20251023,20251026
강서봄빛페스타,서울특별시 강서구 금낭화로 178 (방화동),126.8146355542,37.5810885136,20250412,20250412
강원n 홍천 산나물축제,강원특별자치도 홍천군 홍천읍 태학여내길 27,127.9048299252,37.7079409142,20250503,20250505
강원관광두레 팝업스토어,서울특별시 성동구 뚝섬로13길 36 (성수동2가),127.0580978177,37.5413336048,20250204,20250212
강화 길상 빙어 축제,인천광역시 강화군 길상면 초지리,126.5210719481,37.6362713328,20241225,20250328
강화 양오 빙어축제,인천광역시 강화군 송해면 전망대로423번길 161,126.4438577810,37.8001841894,20241221,20250303
강화도왕방마을얼음축제,인천광역시 강화군 중앙로787번길 8-1 관리소매점,126.4312617608,37.6989596685,20241225,20250303
거제도 국제펭귄수영축제,경상남도 거제시 덕포5길 32,128.7107009190,34.9116687968,20250111,20250111
겨울공주 군밤축제,충청남도 공주시 금벽로 368 (신관동),127.1275545162,36.4702917892,20250116,20250120
겨울엔 양평,경기도 양평군 양평읍 마유산로 11,127.4857713336,37.4967798701,20241201,20250131
경남고성공룡세계엑스포,경상남도 고성군 당항만로 1116,128.3915388600,35.0533471834,20251001,20251109
경복궁 별빛야행,서울특별시 종로구 사직로 161 (세종로),126.9767375783,37.5760836609,20250402,20250517
경복궁 생과방,서울특별시 종로구 사직로 161 (세종로),126.9767375783,37.5760836609,20250416,20250623
경주 대릉원돌담길 축제,경상북도 경주시 황남동,129.2133231098,35.8401959957,20250404,20250406
계양 빛축제,인천광역시 계양구 경명대로 지하1089 (계산동),126.7279723005,37.5433469173,20240923,20250228
고니골빛축제,강원특별자치도 원주시 호저면 호저로 1277-43,127.9154662381,37.4800230785,20241123,20250202
고령대가야축제,경상북도 고령군 대가야로 1216 대가야역사테마관광지,128.2599602256,35.7212529077,20250328,20250330
고싸움놀이축제,광주광역시 남구 고싸움로 2,126.8371305664,35.0696294584,20250207,20250209
고양국제꽃박람회,경기도 고양시 일산동구 호수로 595,126.7686849202,37.6539736577,20250425,20250511
고창 벚꽃축제,전북특별자치도 고창군 고창읍 석정2로 171,126.7398828946,35.4315952113,20250404,20250406
고창청농원 라벤더 축제,전북특별자치도 고창군 공음면 청천길 41-27,126.5351164345,35.3734178114,20250516,20250629
고창청보리밭 축제,전북특별자치도 고창군 공음면 학원농장길 150,126.5432906580,35.3754177213,20250419,20250511
고흥우주항공축제,전라남도 고흥군 봉래면 하반로 490,127.5182610504,34.4540350904,20250503,20250506
곡성세계장미축제,전라남도 곡성군 오곡면 기차마을로 232,127.3080309475,35.2774167990,20250516,20250525
골체오름 벚꽃축제,제주특별자치도 제주시 조천읍 선흘리,126.7043085822,33.4496832240,20250329,20250330
공주 석장리 구석기축제,충청남도 공주시 금벽로 990,127.1875830683,36.4479454091,20250503,20250506
공주 페스티벌,충청남도 공주시 봉황로 75 (반죽동),127.1212611075,36.4528520109,20250503,20251206
관악별빛산책,서울특별시 관악구 신림동 1642-7,126.9276196866,37.4827825101,20241111,20250209
광무대 목요풍류,서울특별시 종로구 종로 272 (종로6가),127.0081070890,37.5708709408,20250403,20251225
광안리 M(Marvelous) 드론 라이트쇼,부산광역시 수영구 광안해변로 219,129.1185505648,35.1538269450,20220402,20251231
광안리어방축제,부산광역시 수영구 광안해변로 219 (광안동),129.1185477876,35.1538130576,20250509,20250511
광양 매화축제,전라남도 광양시 다압면 지막1길 55,127.7164723947,35.0758049399,20250307,20250316
광주 버스킹 월드컵,광주광역시 동구 금남로1가 41 금남지하상가,126.9200351748,35.1478775800,20251015,20251019
광주 추억의 충장축제,광주광역시 동구 금남로1가,126.9191658082,35.1478497900,20251015,20251019
광주국가유산야행,광주광역시 동구 문화전당로 38 (광산동),126.9192936186,35.1460861028,20250425,20250426
광주시 남한산성문화제,경기도 광주시 남한산성면 남한산성로 731,127.1885044553,37.4767712288,20250919,20250921
광주왕실도자페스티벌,경기도 광주시 곤지암읍 경충대로 727,127.3276231368,37.3526075818,20250425,20250506
광주티앤카페쇼,광주광역시 서구 상무누리로 30 (치평동),126.8405588979,35.1467152588,20250529,20250601
광화문 마켓,서울특별시 종로구 세종대로 175 (세종로),126.9763210635,37.5720618985,20241213,20250105
괴산빨간맛페스티벌,충청북도 괴산군 괴산읍 임꺽정로 92,127.7865442181,36.8145640909,20250523,20250525
구례300리 벚꽃축제,전라남도 구례군 구례읍 서시천로 84-11,127.4665991088,35.2154404229,20250328,20250330
구례산수유꽃축제,전라남도 구례군 산동면 상관1길 45,127.4703072042,35.3196509498,20250315,20250323
구름이 걷히니 달이 비치고 바람 부니 별이 빛난다,서울특별시 중구 을지로 281 (을지로7가),127.0095709797,37.5661076320,20240815,20250430
"구미 청춘, 금오천 벚꽃 페스티벌",경상북도 구미시 산책길 105 (남통동),128.3248461967,36.1229140932,20250402,20250406
구팔일 댕댕이 대잔치!,제주특별자치도 제주시 애월읍 천덕로 880-24,126.3673891687,33.3909038082,20250301,20251231
국가유산 미디어아트,전북특별자치도 군산시 해망로 244-7 (장미동),126.7113961359,35.9911921664,20250808,20251116
국립생태원 CCPP 기후환경 사진 프로젝트 ‘Confession to the Earth’,충청남도 서천군 마서면 금강로 1210,126.7194583721,36.0271354218,20241105,20250202
국토정중앙 달맞이축제,강원특별자치도 양구군 양구읍 박수근로 366-33,127.9814860049,38.1064460195,20250212,20250212
국회동심한마당,서울특별시 영등포구 의사당대로 1,126.9141334174,37.5320321034,20250531,20250531
군산시간여행축제,전북특별자치도 군산시 중앙로1가,126.7117073071,35.9877870048,20251009,20251012
군위 사랑과 나눔 문화축전,대구광역시 군위군 군위읍 군위금성로 307-14,128.6030406458,36.2347481860,20250510,20250510
군포 철쭉축제,경기도 군포시 고산로 470 (산본동),126.9266205400,37.3565526959,20250419,20250427
굿즈이즈굿V.2,서울특별시 강서구 마곡중앙로 143 (마곡동),126.8254071964,37.5667792585,20250306,20250309
궁중문화축전,서울특별시 종로구 사직로 161,126.9769930325,37.5788222356,20250426,20250504
금남로 차 없는 거리 '걷자잉',광주광역시 동구 금남로 245 (금남로1가),126.9187463866,35.1484052758,20250308,20251231
금빛서동 - 누가 무왕이 될 것인가,전북특별자치도 익산시 금마면 고도9길 41-14,127.0609146595,36.0006415547,20250504,20250506
금산 보곡산골 산벚꽃 축제,충청남도 금산군 군북면 자진뱅이길 39,127.5667171482,36.1943616874,20250412,20250420
금산세계인삼축제,충청남도 금산군 금산읍 인삼광장로 30,127.5005394787,36.1001990287,20250919,20250928
금천하모니축제,서울특별시 금천구 시흥대로73길 70 (시흥동),126.8955205706,37.4564933229,20250531,20250601
기지시줄다리기 축제,충청남도 당진시 송악읍 안틀모시길 11,126.6947486805,36.8962157548,20250410,20250413
김제 꽃빛드리 축제,전북특별자치도 김제시 도작로 220 (검산동),126.8999144686,35.8130212655,20250404,20250406
김제 모악산 뮤직페스티벌,전북특별자치도 김제시 금산면 금산리,127.0476870396,35.7205176641,20250426,20250427
김제지평선축제,전북특별자치도 김제시 벽골제로 442,126.8522869016,35.7540632714,20251008,20251012
김포 라베니체축제,경기도 김포시 초당로 54 (장기동),126.6755687199,37.6437176409,20251011,20251011
김포 벚꽃축제,경기도 김포시 북변동,126.7181764487,37.6254538568,20250412,20250412
김포 해병대 문화축제,경기도 김포시 대곶면 대명항1로 110-36,126.5394646034,37.6400684369,20251101,20251101
김포아라마린페스티벌,경기도 김포시 고촌읍 아라육로270번길 74,126.7869848326,37.5977083101,20250531,20250601
김해분청도자기 축제,경상남도 김해시 진례면 분청로 17,128.7459053654,35.2517674455,20251104,20251109
김해한우축제,경상남도 김해시 장유로 551 (신문동),128.8288111020,35.1832877570,20250522,20250525
남동 빛의 거리,인천광역시 남동구 만수동,126.7360188509,37.4415949966,20241022,20251231
남원국제드론제전 with 로봇,전북특별자치도 남원시 충정로 341 (월락동),127.4048573847,35.4285902786,20251016,20251019
남이섬 벗(友)꽃놀자,강원특별자치도 춘천시 남산면 남이섬길 1,127.5255090138,37.7963208193,20250405,20250420
남이섬 어쿠스틱 청춘 페스티벌,강원특별자치도 춘천시 남산면 남이섬길 1,127.5261035858,37.7901159965,20250606,20250615
남이섬세계책나라축제,강원특별자치도 춘천시 남산면 남이섬길 1,127.5261035858,37.7901159965,20250503,20250518
낭만등불축제,경기도 남양주시 불암산로59번길 48-31 (별내동),127.1015407308,37.6512105067,20250301,20260331
네이처파크 미라클 크리스마스,대구광역시 달성군 가창면 가창로 891,128.6353392148,35.7881605357,20241123,20250105
네이처파크 플라워페스티벌,대구광역시 달성군 가창면 가창로 891,128.6353392148,35.7881605357,20250322,20250608
논산딸기축제,충청남도 논산시 관촉동,127.1056055127,36.1954950859,20250327,20250330
다리안 온(溫) 축제,충청북도 단양군 단양읍 소백산등산길 12,128.4208914066,36.9649224612,20250212,20250226
단종문화제,강원특별자치도 영월군 영월읍 하송리,128.4687003093,37.1781071928,20250425,20250427
담양대나무축제,전라남도 담양군 담양읍 죽녹원로 119,126.9863665087,35.3250142404,20250502,20250506
대관령눈꽃축제,강원특별자치도 평창군 대관령로 135-9,128.7110497723,37.6726020057,20250124,20250202
대구데이 페스티벌,대구광역시 수성구 두산동,128.6184867738,35.8294194470,20250620,20250621
대구약령시한방문화축제,대구광역시 중구 남성로,128.5906381638,35.8676257211,20250508,20250511
대구치맥페스티벌,대구광역시 달서구 공원순환로 36,128.5587997668,35.8508964729,20250702,20250706
대덕물빛축제,대전광역시 대덕구 미호동,127.4741317078,36.4731698294,20250328,20250426
대전시립연정국악단 토요국악,대전광역시 서구 둔산대로 181 (만년동),127.3894005357,36.3663860994,20250308,20251122
대전한우숯불구이축제,대전광역시 유성구 월드컵대로 32 (노은동),127.3266089995,36.3638797168,20250409,20250413
대전효문화뿌리축제,대전광역시 중구 뿌리공원로 47 효문화마을관리원,127.3845115010,36.2853841653,20250926,20250928
대청호 벚꽃 축제,대전광역시 동구 신상동,127.4979550424,36.3544921697,20250328,20250406
대한민국 과학기술축제,대전광역시 서구 둔산대로 169 (만년동),127.3879840082,36.3659250159,20250416,20250420
대한민국 독서대전 김포,경기도 김포시 초당로 40 (장기동),126.6738550274,37.6422844441,20250919,20250921
덕수궁 밤의 석조전,서울특별시 중구 세종대로 99,126.9749296905,37.5661486714,20250408,20250525
도서관의 날 · 도서관주간,서울특별시 서초구 반포대로 201 (반포동),127.0045483736,37.4976821568,20250412,20250418
도시캠핑대전,대전광역시 유성구 대덕대로 480 (도룡동),127.3802705364,36.3759931713,20250530,20250608
동대문구 봄꽃축제,서울특별시 동대문구 장안동,127.0753566318,37.5668642825,20250405,20250406
동래읍성역사축제,부산광역시 동래구 문화로 80,129.0901347694,35.2121421097,20251024,20251026
드림파크 국화축제,인천광역시 서구 자원순환로 170 (백석동),126.6481259803,37.5731448144,20251024,20251102
드림파크 벚꽃축제,인천광역시 서구 자원순환로 170 (백석동),126.6481259803,37.5731448144,20250409,20250415
땅끝 해넘이해맞이축제,전라남도 해남군 송지면 땅끝마을길 42,126.5273792771,34.2998830369,20241231,20250101
라라라 페스티벌,부산광역시 금정구 장전온천천로 48 (장전동),129.0893371356,35.2296540211,20251024,20251026
렛츠런파크 서울 벚꽃축제,경기도 과천시 경마공원대로 107 (주암동),127.0086495110,37.4441273360,20250404,20250413
릴랙스위크,서울특별시 강남구 남부순환로 3104 SETEC,127.0707673919,37.4960890861,20250317,20250430
마노르블랑 동백꽃 감귤체험 축제,제주특별자치도 서귀포시 안덕면 일주서로2100번길 46,126.2949957149,33.2548510403,20241205,20250131
마노르블랑 루피너스 꽃향기축제,제주특별자치도 서귀포시 안덕면 일주서로2100번길 46,126.2949957149,33.2548510403,20250318,20250504
마토예술제,경기도 평택시 팽성읍 안정쇼핑로 11,127.0441570141,36.9596645817,20250426,20250426
마포구 레드로드발전소 체험프로그램,서울특별시 마포구 와우산로37길 35 (동교동),126.9290369242,37.5564989709,20241220,20250208
마한역사문화제,전라남도 영암군 시종면 옥야리,126.5866347653,34.8954032580,20250418,20250419
"명동스퀘어 오프닝 세레모니 2024 Light Up SEOUL, KOREA",서울특별시 중구 소공로 70 (충무로1가),126.9821847125,37.5616521023,20241101,20250131
목포뮤직플레이,전라남도 목포시 대양산단로 23 (대양동),126.3969504197,34.8263995748,20250523,20250525
무브살롱 시즌4: 벚꽃 아틀리에,서울특별시 서초구 양재동,127.0381848379,37.4751548200,20250403,20250406
무안 YD 페스티벌,전라남도 무안군 삼향읍 대죽서로16번길 16,126.4628227454,34.8111801483,20251114,20251116
무안 연꽃축제,전라남도 무안군 일로읍 백련로 333,126.5296684320,34.8601757301,20250626,20250629
무안 황토 갯벌축제,전라남도 무안군 해제면 황토갯벌길 88,126.3336521164,35.1022396210,20250510,20250525
무주국가유산야행,전북특별자치도 무주군 무주읍 한풍루로 326-5,127.6623693393,36.0040267475,20250613,20250614
무주반딧불축제,전북특별자치도 무주군 한풍루로 326-14 등나무운동장,127.6615222281,36.0026685539,20250906,20250914
무창포 주꾸미 도다리 대잔치,충청남도 보령시 웅천읍 열린바다1길 28,126.5355553599,36.2432492183,20250322,20250413
문경찻사발축제,경상북도 문경시 새재로 932,128.0770113639,36.7616504930,20250503,20250511
문화가 있는 날 실버마이크 <전라·제주 권역>,광주광역시 남구 덕남길 7 (노대동),126.8961578975,35.1011713369,20250326,20251231
문화가 있는 날 청춘마이크 충청권,대전광역시 유성구 유성대로740번길 46 (장대동),127.3359221723,36.3595553767,20250325,20251130
물금벚꽃축제,경상남도 양산시 물금읍 황산공원1길 275,128.9814054996,35.3079543547,20250329,20250330
밀양아리랑대축제,경상남도 밀양시 삼문동,128.7571006565,35.4899047653,20250522,20250525
백제문화제,충청남도 공주시 금벽로 368 (신관동),127.1275545162,36.4702917892,20251003,20251012
벚꽃과 함께하는 청주 푸드트럭 축제,충청북도 청주시 상당구 사직대로 343 (영동),127.4854845219,36.6368123838,20250404,20250406
베어트리파크 봄꽃 축제,세종특별자치시  신송로 217 베어트리파크,127.2101554814,36.6728227784,20250329,20250511
베어트리파크 크리스마스 판타지,세종특별자치시 전동면 신송로 217,127.2101554814,36.6728227784,20241123,20250202
별빛이 흐르는 정원,경기도 파주시 탑삭골길 260,126.7949386312,37.7326399636,20250101,20251231
보령 석탄 에너지전환 축제,충청남도 보령시 성주면 성주산로 500,126.6513122257,36.3265166563,20250125,20250125
보령·AMC 국제 모터 페스티벌,충청남도 보령시 신흑동,126.5150525654,36.3146517934,20250503,20250505
보령머드축제,충청남도 보령시 신흑동,126.5150414496,36.3148684347,20250725,20250810
보롬왓 튤립축제,제주특별자치도 서귀포시 표선면 번영로 2350-104,126.7525080052,33.4135241052,20250322,20250413
보배섬 유채꽃 축제,전라남도 진도군 조도면 관매도리,126.0551471804,34.2390600248,20250411,20250413
보성다향대축제,전라남도 보성군 보성읍 녹차로 775,127.0817371312,34.7198757111,20250502,20250506
보은 벚꽃길 축제,충청북도 보은군 보은읍 이평리,127.7239619129,36.4814289276,20250404,20250413
부산 밀 페스티벌,부산광역시 북구 화명동,129.0038973083,35.2313411422,20250505,20250506
부산과학축전,부산광역시 해운대구 APEC로 55 (우동),129.1355209016,35.1687450332,20250412,20250413
부산국제록페스티벌,부산광역시 사상구 삼락동,128.9682186811,35.1728970354,20250926,20250928
부산국제매직페스티벌,부산광역시 동구 자성로133번길 16 (범일동),129.0652500541,35.1388859662,20250412,20251214
부산수제맥주축제,부산광역시 부산진구 서면문화로 32 (부전동),129.0562808127,35.1599834385,20250326,20250329
부산스텝업댄스페스티벌,부산광역시 해운대구 수영강변대로 120 (우동),129.1270687971,35.1710029572,20250516,20250518
부산연등회,부산광역시 부산진구 동성로112번길 121-1,129.0669047455,35.1651997173,20250418,20250506
부산원도심활성화축제 [택슐랭],부산광역시 동구 중앙대로 210 (초량동),129.0408611560,35.1151853926,20250516,20250518
부안마실축제,전북특별자치도 부안군 부안읍 별천지로 3,126.7416641514,35.7258451509,20250502,20250505
부여 국가유산 야행,충청남도 부여군 부여읍 정림로 83,126.9128955516,36.2790710570,20250404,20250406
부여서동연꽃축제,충청남도 부여군 부여읍 동남리,126.9106403824,36.2720857064,20250704,20250706
부천국제만화축제,경기도 부천시 길주로 1,126.7422053159,37.5082512500,20250925,20250928
부평풍물대축제,인천광역시 부평구 부평대로 60 (부평동),126.7229990543,37.4968022399,20250926,20250928
비슬산 참꽃문화제,대구광역시 달성군 유가읍 일연선사길 10,128.5060393495,35.6922856650,20250412,20250413
빙어대잔치,인천광역시 강화군 고비고개로741번길 37-48,126.4155126209,37.7199236130,20241221,20250216
쁘띠프랑스 & 이탈리아마을 베니스 카니발 가면축제,경기도 가평군 청평면 호반로 1063,127.4909256481,37.7150574078,20241206,20250228
사라온과 함께하는 사랑온설날,대구광역시 군위군 군위읍 동서길 49,128.5671382291,36.2361279163,20250128,20250130
사천에어쇼,경상남도 사천시 삼천포대교로 471 (동림동),128.0756944407,34.9399903856,20261029,20261101
산청한방약초축제,경상남도 산청군 금서면 동의보감로555번길 61,127.8278558315,35.4411518319,20251002,20251012
삼척정월대보름제,강원특별자치도 삼척시 엑스포로 45 (성남동),129.1601305152,37.4383405416,20250214,20250216
삽다리 한바탕 축제,충청남도 예산군 삽교읍 두리,126.7412445511,36.6872906491,20250315,20250315
상플 빈티지 마켓,인천광역시 중구 월미로 33 (북성동1가),126.6146650689,37.4761360618,20250301,20250303
새해 맞이 불꽃쇼 & 소원 풍선 날리기 축제,강원특별자치도 고성군 삼포해변길 9 오션투유콘도,128.5310377884,38.3171459011,20250128,20250128
생거진천 농다리축제,충청북도 진천군 진천읍 문화로 79,127.4398938112,36.8500731710,20250405,20250608
서귀포유채꽃축제,제주특별자치도 서귀포시 표선면 녹산로 381-17,126.7356684832,33.3834771540,20250329,20250330
서대문 봄빛축제,서울특별시 서대문구 홍은동,126.9370688057,37.5819600437,20250404,20250406
"서대문, 1919 그날의 함성!",서울특별시 서대문구 통일로 251 (현저동),126.9573421635,37.5746723659,20250301,20250302
서면 빛 축제,부산광역시 부산진구 부전동,129.0571225564,35.1544785148,20241002,20250110
서울 빛초롱 축제,서울특별시 종로구 서린동,126.9790653347,37.5693205997,20241213,20250131
서울 아시테지 겨울축제,서울특별시 종로구 대학로12길 46 (동숭동),127.0037293912,37.5821140004,20241227,20250105
서울가든페스타,서울특별시 성동구 뚝섬로 273 (성수동1가),127.0418131384,37.5431247707,20250405,20250505
서울국제도서전,서울특별시 강남구 영동대로 513 (삼성동),127.0592179950,37.5119175967,20250618,20250622
서울라이트 DDP : 새해맞이 카운트다운,서울특별시 중구 을지로 281 (을지로7가),127.0095709797,37.5661076320,20241231,20250101
서울라이트 광화문,서울특별시 종로구 세종로 1-68 5호선 광화문역,126.9767821434,37.5716786179,20241213,20250105
서울서커스페스티벌,서울특별시 용산구 양녕로 445 (이촌동),126.9580520415,37.5177178854,20250503,20250505
서울세계도시문화축제,서울특별시 종로구 세종대로 175 세종이야기,126.9768376784,37.5722341099,20250524,20250525
서울스프링페스타,서울특별시 종로구 세종대로 175 세종이야기,126.9768376784,37.5722341099,20250430,20250506
서울조각페스티벌,서울특별시 중구 세종대로 110 (태평로1가),126.9777210995,37.5662570431,20250217,20251231
서천 동백꽃 주꾸미 축제,충청남도 서천군 서인로 58,126.5036833852,36.1297866703,20250315,20250330
서천 마량진항 해넘이 해돋이 행사,충청남도 서천군 서면 서인로 58,126.5036833852,36.1297866703,20241231,20250101
선농대제,서울특별시 동대문구 무학로44길 38 (제기동),127.0319046265,37.5812368301,20250418,20250419
설 맞이 어울마당,충청남도 부여군 부여읍 금성로 5,126.9179090801,36.2756881980,20250125,20250130
설맞이 작은문화축전,전북특별자치도 전주시 완산구 쑥고개로 249,127.0897200882,35.8013230910,20250128,20250130
성북세계음식축제 누리마실,서울특별시 성북구 성북로 37 (성북동1가),127.0032597348,37.5911073903,20250518,20250518
성주참외&생명문화축제,경상북도 성주군 성주읍 성밖숲길 30,128.2800725635,35.9158034572,20250515,20250518
세계라면축제,부산광역시 기장군 기장읍 시랑리,129.2183879372,35.1963129283,20250502,20250511
세계유산축전,제주특별자치도 제주시 조천읍 선교로 569-36,126.7142575546,33.4569020299,20250704,20251022
세븐비치 어싱 챌린지,부산광역시 기장군 장안읍 임랑해안길 51,129.2641999985,35.3189972570,20250322,20250322
세종낙화축제,세종특별자치시 중앙공원로 60 (세종동),127.2701689309,36.4913335625,20250426,20250426
세종시 빛 축제,세종특별자치시 보람동,127.2918422185,36.4828515855,20241213,20250115
세종시 정월대보름 맞이 행사,세종특별자치시 세종동,127.2879120298,36.4823210211,20250208,20250208
세종축제,세종특별자치시  호수공원길 155,127.2750155705,36.4967663593,20251009,20251011
세종화랑협회 창립기념 아트페어 “프로젝트 FREE” 겨울정원54℃,세종특별자치시 조치원읍 평리,127.3005158320,36.6069486170,20241221,20250103
센텀맥주축제,부산광역시 해운대구 수영강변대로 120 (우동),129.1270687971,35.1710029572,20250529,20250608
소래포구 축제,인천광역시 남동구 장도로 86-17,126.7393253184,37.3979806750,20250926,20250928
송도달집축제,부산광역시 서구 송도해변로 100 (암남동),129.0180752934,35.0768587065,20250212,20250212
송파구 호수벚꽃축제,서울특별시 송파구 송파나루길 206 (신천동),127.1042611168,37.5119517366,20250402,20250406
쇼죠마츠리 봄축제,경기도 동두천시 천보산로 567-12,127.0924044440,37.8796198573,20250412,20250511
수안보온천제,충청북도 충주시 수안보면 물탕2길 17,127.9909083077,36.8470085564,20250411,20250413
수영전통달집놀이,부산광역시 수영구 광안해변로 219 (광안동),129.1185477876,35.1538130576,20250212,20250212
수원화성문화제,경기도 수원시 팔달구 정조로 825,127.0120008348,37.2872039225,20250927,20251004
순창장류축제,전북특별자치도 순창군 순창읍 민속마을길 6-3,127.1099933429,35.3686391948,20251017,20251019
쉬엄쉬엄 한강 3종 축제,서울특별시 광진구 능동로 10 (자양동),127.0667334178,37.5316404411,20250530,20250601
스프링워크서울,서울특별시 영등포구 여의동로 330 (여의도동),126.9336095794,37.5263997727,20250420,20250420
승기천 꽃피나 봄,인천광역시 연수구 청능대로 205 (연수동),126.6846105988,37.4073369553,20250418,20250419
시나브로 치유길 힐링 걷기 챌린지(전북특별자치도 완주편),전북특별자치도 완주군 구이면 덕천전원길 232-58,127.1361790273,35.7260602293,20250302,20250302
시나브로 치유길 힐링 걷기 챌린지(충청남도 공주편),충청남도 공주시 사곡면 마곡사로 966,127.0123291438,36.5588462678,20250301,20250301
시흥 패밀리 빙어 축제,경기도 시흥시 수인로2107번길 35 (조남동),126.8729528209,37.3700890596,20241207,20250430
시흥월곶포구축제,경기도 시흥시 월곶중앙로14번길 56 (월곶동),126.7427224015,37.3918647788,20251017,20251019
아산 성웅 이순신축제,충청남도 아산시 온천대로 1496 (온천동),127.0035044825,36.7805372863,20250425,20250427
아이가 행복입니다,서울특별시 송파구 올림픽로 300 (신천동),127.1040749597,37.5141653654,20250919,20250920
아차산 해맞이 축제,서울특별시 광진구 광장동,127.0999520311,37.5522275380,20250101,20250101
아침고요 야생화전시회,경기도 가평군 상면 수목원로 432,127.3525096320,37.7439487308,20250308,20250413
아침고요수목원 오색별빛정원전,경기도 가평군 상면 수목원로 432,127.3525845994,37.7448402954,20241206,20250316
안동 암산얼음축제,경상북도 안동시 남후면 암산1길 59,128.6787928334,36.5064353270,20250118,20250126
안동국제탈춤페스티벌,경상북도 안동시 축제장길 200 (운흥동),128.7306588876,36.5605523512,20250926,20251005
안동벚꽃축제,경상북도 안동시 축제장길 200 (운흥동),128.7306588876,36.5605523512,20250402,20250406
안산 성호문화제,경기도 안산시 상록구 성호로 113 (이동),126.8610499084,37.3140786764,20250531,20250601
안산국제거리극축제,경기도 안산시 단원구 광덕대로 157,126.8298361705,37.3107923927,20250503,20250505
안성 동막골 빙어축제,경기도 안성시 죽산면 곰내미길 48,127.4225243072,37.0074602862,20250103,20250130
안성맞춤 남사당 바우덕이 축제,경기도 안성시 보개면 남사당로 198-2,127.3101782044,37.0318776686,20251009,20251012
양양 낙산해변 달빛 모닥불축제,강원특별자치도 양양군 강현면 해맞이길 59,128.6339069192,38.1169767617,20250214,20250215
양양생생축제,강원특별자치도 양양군 양양읍 일출로 570,128.6245424252,38.0744454122,20250405,20250413
양재 아트 살롱,서울특별시 서초구 양재동,127.0415261579,37.4766713709,20250328,20250525
양재천 벚꽃 등(燈) 축제,서울특별시 서초구 양재동,127.0415289351,37.4766658159,20250403,20250427
양주 눈꽃축제,경기도 양주시 장흥면 권율로 594,126.9684887063,37.7581595486,20241227,20250216
양평 단월 고로쇠축제,경기도 양평군 단월면 보룡길 127,127.6702976385,37.5452776406,20250315,20250316
양평 용문산 산나물축제,경기도 양평군 용문산로 656 용문산 매표소,127.5823639139,37.5463842253,20250425,20250427
양평모두봄날,경기도 양평군 단월면 곱다니길 55-2,127.6573663730,37.5144948588,20250315,20250528
양평빙송어축제,경기도 양평군 곱다니길 55-2,127.6574135888,37.5145504080,20241123,20250303
양평빙어축제,경기도 양평군 단월면 백동길 269-19,127.6843181301,37.5610399614,20250117,20250223
양평산수유한우축제,경기도 양평군 개군면 하자포길33번길 8,127.5368298536,37.4260473329,20250329,20250330
얼음나라화천 산천어축제,강원특별자치도 화천군 화천읍 산천어길 137,127.7099022603,38.1126818434,20250111,20250202
에덴벚꽃길 벚꽃축제,경기도 가평군 청평면 에덴벚꽃길 139,127.4770526297,37.7855989511,20250405,20250413
여성마라톤대회,서울특별시 마포구 월드컵로 251 (성산동),126.8964785141,37.5659583996,20250503,20250503
여수 영취산 진달래축제,전라남도 여수시 중흥동,127.6957945797,34.8230912916,20250322,20250323
여수거북선축제,전라남도 여수시 선어시장길 6 (중앙동),127.7363903743,34.7396152373,20250503,20250505
여수향일암일출제,전라남도 여수시 돌산읍 향일암로 60,127.8030076977,34.5938299207,20241231,20250101
여주도자기축제,경기도 여주시 천송동,127.6556949700,37.2992114088,20250501,20250511
여주오곡나루축제,경기도 여주시 천송동,127.6557727420,37.2991725260,20251017,20251019
여주흥천남한강 벚꽃축제,경기도 여주시 흥천면 귀백리,127.5587995403,37.3484483837,20250411,20250413
연등회,서울특별시 종로구 우정국로 55 (견지동),126.9827509785,37.5739784579,20250426,20250427
연제오방맛길 빛 축제,"부산광역시 연제구 고분로13번길 25 (연산동, 연산동 쌍용아파트)",129.0845137227,35.1871559163,20241025,20250210
연천구석기축제,경기도 연천군 전곡읍 양연로 1510,127.0611506837,38.0122815870,20250502,20250505
영덕대게축제,경상북도 영덕군 강구면 오포리,129.3939365902,36.3616404038,20250314,20250317
영동곶감축제,충청북도 영동군 영동읍 계산리,127.7744519511,36.1750287209,20250103,20250105
영동난계국악축제,충청북도 영동군 심천면 국악로1길 33,127.7014657782,36.2117843308,20250912,20251011
영등포 여의도 봄꽃축제,서울특별시 영등포구 여의도동,126.9312014213,37.5279662141,20250408,20250412
영암 고구마 달빛축제,전라남도 영암군 영암읍 서남리,126.6995604813,34.7991742983,20250215,20250215
영암왕인문화축제,전라남도 영암군 군서면 왕인로 440,126.6282150035,34.7576444552,20250503,20250506
영양꽁꽁겨울축제,경상북도 영양군 영양읍 현리,129.1188134618,36.6516243403,20250103,20250119
영월 겨울빛&불꽃축제,강원특별자치도 영월군 김삿갓면 강변로 1462-17,128.5385930905,37.1164128337,20241207,20250201
영월 봄맞이 축제,강원특별자치도 영월군 김삿갓면 강변로 1462-17,128.5385930905,37.1164128337,20250301,20250530
영주 한국선비문화축제,경상북도 영주시 한정로 126 (문정동),128.6170343009,36.7985535614,20250503,20250505
예술힐링놀이터,서울특별시 양천구 남부순환로64길 2 (신월동),126.8321604402,37.5282727439,20250531,20250531
옥천묘목축제,충청북도 옥천군 이원면 이원로 828,127.6276547501,36.2461929707,20250328,20250330
온천천 빛 축제,부산광역시 동래구 중앙대로 1324 (온천동),129.0785081817,35.2056537329,20241220,20250202
와룡산 와~봄 축제,대구광역시 서구 상리동,128.5305489090,35.8714158519,20250405,20250405
와인뮤직페스티발,서울특별시 종로구 수표로18가길 23 (관수동),126.9909781490,37.5689625215,20250613,20250615
완도 해맞이행사,전라남도 완도군 신지면 명사십리길 85-207,126.8154144694,34.3279707249,20250101,20250101
완주 대둔산 축제,전북특별자치도 완주군 운주면 산북리,127.3316652166,36.1161025640,20250607,20250608
완주 모악산 웰니스 축제,전북특별자치도 완주군 구이면 모악산길 111-6,127.1069399166,35.7277484206,20250405,20250406
완주 와일드&로컬푸드축제,전북특별자치도 완주군 고산면 고산휴양림로 89,127.2312251680,35.9742142010,20250926,20250928
완주삼례딸기대축제,전북특별자치도 완주군 삼례읍 동학로 42,127.0744213491,35.9115186144,20250307,20250309
용인 자작나무숲 봄꽃축제,경기도 용인시 처인구 백암면 석천리 723-2,127.3526304759,37.1113137101,20250402,20250609
운현궁 운수대통 설맞이,서울특별시 종로구 삼일대로 464 (운니동),126.9868255550,37.5758227610,20250128,20250130
울산대공원 장미축제,울산광역시 남구 남부순환도로 377,129.2838230009,35.5279769403,20250521,20250525
울산쇠부리축제,울산광역시 북구 달천철장길 58 (달천동),129.3290188345,35.6342825006,20250509,20250511
울산옹기축제,울산광역시 울주군 온양읍 외고산3길 36,129.2795426459,35.4351011832,20250503,20250505
울산중구 눈꽃축제,울산광역시 중구 젊음의거리 27-4 (성남동),129.3179304069,35.5538802250,20241224,20250101
울주 간절곶 해맞이 축제,울산광역시 울주군 서생면 간절곶해안길 189,129.3598710555,35.3610443336,20241231,20250101
울진대게와 붉은대게 축제,경상북도 울진군 후포면 울진대게로 236-14,129.4615684263,36.6787861953,20250228,20250303
원동매화축제,경상남도 양산시 원동면 원리,128.9178372200,35.3663410683,20250301,20250303
원동면 미나리 축제,경상남도 양산시 원동면 용당리,128.9137429705,35.3722569953,20250222,20250321
웨이뷰 유채꽃 축제,제주특별자치도 제주시 한림읍 옹포7길 25-3,126.2526904416,33.4073196306,20250314,20250430
웰컴투신관동,충청남도 공주시 공주대학로 92 (신관동),127.1378674015,36.4731944158,20251009,20251011
"웰컴투조선: 너나, 나나 양반",경기도 용인시 기흥구 민속촌로 90 (보라동),127.1145951569,37.2567648379,20250329,20250608
위클리 클래식 페스티벌,경기도 오산시 내삼미로 93 (수청동),127.0658019887,37.1705878248,20250301,20250731
유구 색동수국정원 꽃축제,충청남도 공주시 유구읍 창말길 44,126.9562759705,36.5544513454,20250627,20250629
유달산 봄축제,전라남도 목포시 대의동2가,126.3825637371,34.7875481601,20250405,20250406
유성온천문화축제,대전광역시 유성구 계룡로123번길 52 (봉명동),127.3453047821,36.3552810320,20250502,20250504
윤봉길 평화축제,충청남도 예산군 덕산면 덕산온천로 183-5,126.6513943473,36.6865863917,20250426,20250427
율봄식물원 딸기 시즌,경기도 광주시 퇴촌면 도마리,127.2704610913,37.4699929424,20241225,20250413
음성품바축제,충청북도 음성군 음성읍 설성공원길 28,127.6910022374,36.9327654263,20250521,20250525
의령 홍의장군 축제,경상남도 의령군 의령읍 의병로8길 44,128.2558965334,35.3155152934,20250417,20250420
의성 산수유마을 꽃맞이행사,경상북도 의성군 사곡면 산수유2길 2,128.7703687987,36.2869925927,20250322,20250330
의왕왕송호수 겨울축제,경기도 의왕시 왕송못동로 307 (월암동),126.9537833824,37.3056701893,20241227,20250119
의정부 호원 벚꽃 페스타,경기도 의정부시 호원동,127.0514048424,37.7061976492,20250405,20250406
이머시브아트 기획전시 [The Ethereal World],서울특별시 마포구 동교로22길 14 (서교동),126.9188323376,37.5551295032,20241115,20250202
이순신의 명량해전 체험전,경기도 수원시 영통구 광교중앙로 140 (하동),127.0594632301,37.2858799237,20250111,20250302
이월드 블라썸 피크닉,대구광역시 달서구 두류공원로 200 (두류동),128.5601217577,35.8550515822,20250315,20250406
이월드 일루미네이션,대구광역시 달서구 두류공원로 200 (두류동),128.5601217577,35.8550515822,20241116,20250220
이월드 튤립 트래블,대구광역시 달서구 두류공원로 200 (두류동),128.5601217577,35.8550515822,20250405,20250427
이월드 해피 아워 30th 버스데이,대구광역시 달서구 두류공원로 200 (두류동),128.5601217577,35.8550515822,20250322,20250322
이천도자기축제,경기도 이천시 신둔면 도자예술로62번길 123,127.3806506302,37.2913267465,20250425,20250506
이천백사 산수유꽃축제,경기도 이천시 백사면 원적로775번길 12,127.4634000685,37.3405475559,20250328,20250330
이천체험문화축제,경기도 이천시 신둔면 도자예술로5번길 109,127.3857028989,37.2931488494,20250405,20250406
익산백제 국가유산 야행,전북특별자치도 익산시 왕궁면 궁성로 666,127.0537577344,35.9713419940,20250418,20250420
익산서동축제,전북특별자치도 익산시 금마면 고도9길 41-14,127.0609146595,36.0006415547,20250503,20250506
"인천, 사이언스 페스티벌",인천광역시 중구 제물량로218번길 3 (해안동1가),126.6204590814,37.4726449029,20250412,20250412
인천대공원 벚꽃축제,인천광역시 남동구 장수동,126.7615022096,37.4570186565,20250405,20250406
임실 옥정호 벚꽃축제,전북특별자치도 임실군 운암면 입석1길 59,127.1524216816,35.6324766933,20250405,20250406
임실N치즈축제,전북특별자치도 임실군 성수면 도인2길 50,127.3012056927,35.6328486749,20251008,20251012
자유공원 벚꽃축제,인천광역시 중구 제물량로232번길 46 (송학동1가),126.6222032877,37.4755001572,20250412,20250412
장성 황룡강 길동무 꽃길 축제,전라남도 장성군 장성읍 장재길 21,126.7784603522,35.3082431700,20250510,20250511
장수 한우랑 사과랑 축제,전북특별자치도 장수군 장수읍 한누리로 393,127.5181279181,35.6411570772,20250918,20250921
장승포 신년해맞이 행사,경상남도 거제시 장승포동,128.7327586080,34.8638912020,20250101,20250101
장항항 수산물 꼴갑축제,충청남도 서천군 장산로 232,126.6858590846,36.0084703121,20250516,20250525
전라관찰사의 탄생,전북특별자치도 전주시 완산구 전라감영로 55 (중앙동4가),127.1455841839,35.8157779693,20250215,20250316
전주세계소리축제,전북특별자치도 전주시 덕진구 소리로 31 소리문화전당,127.1390309872,35.8540707211,20250813,20250817
정남진 장흥 물축제,전라남도 장흥군 장흥읍 칠거리예양로 83,126.9026816280,34.6797910960,20250726,20250803
정동야행,서울특별시 중구 세종대로 99 덕수궁,126.9765906796,37.5651071556,20250523,20250524
정서진 해넘이 행사,인천광역시 서구 정서진남로 95 (오류동),126.6023861308,37.5582207427,20241223,20250103
정선아리랑제,강원특별자치도 정선군 정선읍 봉양리,128.6659266757,37.3772491246,20250925,20250928
정순왕후 문화제,서울특별시 종로구 동망산길 150 (숭인동),127.0181476492,37.5776314468,20250419,20250419
정월대보름 달맞이축제,강원특별자치도 춘천시 수변공원길 18 (삼천동),127.7072596424,37.8732541302,20250212,20250212
정월대보름 민속축제,서울특별시 양천구 안양천로 788 (신정동),126.8774538701,37.5162777230,20250208,20250208
정월대보름 한마당,서울특별시 종로구 삼청로 37,126.9788594400,37.5819774581,20250212,20250212
정읍 벚꽃축제,전북특별자치도 정읍시 벚꽃로 401 (시기동),126.8557220904,35.5613102375,20250404,20250406
정조효문화제,경기도 화성시 장조1로 34,126.9950796162,37.2066962754,20250927,20250928
제10회 푸드테크 베지노믹스페어 (비건페스타ㅣ그린페스타ㅣESG푸드페스타),서울특별시 서초구 강남대로 27 (양재동),127.0407514903,37.4673918780,20250502,20250504
제11회 계촌클래식축제,강원특별자치도 평창군 방림면 계촌리,128.3034237089,37.4521530269,20250606,20250608
제13회 디아스포라영화제,인천광역시 중구 제물량로218번길 3 (해안동1가),126.6204590814,37.4726449029,20250516,20250520
제1회 국제초콜릿쇼,제주특별자치도 서귀포시 표선면 번영로 2350-104,126.7525080052,33.4135241052,20250315,20250316
제23회 성우하이텍배 KNN 환경마라톤,부산광역시 해운대구 APEC로 55 (우동),129.1355209016,35.1687450332,20250323,20250323
제27회 울산아마골프대회,울산광역시 울주군 웅촌면 웅촌로 1,129.1901337514,35.4359077530,20250428,20250428
"제3회 강릉국제아트페스티벌 (GIAF25) <에시자, 오시자>",강원특별자치도 강릉시 용지로 176 (교동),128.8996660775,37.7640617553,20250314,20250420
제4회 K-FOOD 천안들깨페스티벌,충청남도 천안시 서북구 직산읍 직산로 136,127.1591958276,36.8879610051,20251025,20251025
제주국제드론필름페스티벌,제주특별자치도 제주시 조천읍 조함해안로 525,126.6690845131,33.5427390309,20250809,20250810
제주들불축제,제주특별자치도 제주시 애월읍 봉성리,126.3576794532,33.3662619363,20250314,20250316
제주마 입목 문화축제,제주특별자치도 제주시 516로 2480 (용강동),126.6036067116,33.4276673801,20250419,20250420
제주민속촌 정월대보름 민속대축제,제주특별자치도 서귀포시 표선면 민속해안로 631-34,126.8418190282,33.3218273297,20250212,20250212
제주푸드앤와인페스티벌,제주특별자치도 서귀포시 안덕면 신화역사로304번길 38,0,0,20250508,20250517
제천빨간오뎅축제,충청북도 제천시 의림대로 1-1 (영천동),128.2047337859,37.1285384886,20250228,20250303
종로구 인왕산 해맞이 축제,서울특별시 종로구 청운동,126.9663269914,37.5910678430,20250101,20250101
종묘 묘현례,서울특별시 종로구 종로 157 (훈정동),126.9951471543,37.5710345779,20250426,20250502
종묘대제,서울특별시 종로구 종로 157,126.9944471257,37.5742897425,20250504,20250504
종묘제례악 야간 공연,서울특별시 종로구 종로 157 (훈정동),126.9951471543,37.5710345779,20250424,20250502
지리산 함양고종시 곶감축제,경상남도 함양군 함양읍 교산리,127.7217379669,35.5254043233,20250110,20250112
지리산산청곶감축제,경상남도 산청군 시천면 송하중태길 6,127.8363872478,35.2743124718,20250102,20250105
지용제,충청북도 옥천군 옥천읍 매동로 209,127.5827262211,36.3188449811,20250515,20250518
진도신비의바닷길축제,전라남도 진도군 고군면 신비의바닷길 74,126.3529497745,34.4337624333,20250329,20250401
진안고원 운장산 고로쇠축제,전북특별자치도 진안군 주천면 대불리,127.3883164752,35.9839214067,20250308,20250309
진안홍삼축제,전북특별자치도 진안군 진안읍 마이산로 160,127.4162612489,35.7730819880,20250926,20250928
진주 논개제,경상남도 진주시 망경남길 30 (망경동),128.0847956695,35.1807829527,20250503,20250506
진해 벚꽃장,경상남도 창원시 진해구 중원로 86 (화천동),128.6602238804,35.1518437643,20250404,20250406
진해군항제,경상남도 창원시 진해구 통신동,128.6596795479,35.1494606878,20250329,20250406
창녕국가유산야행,경상남도 창녕군 창녕읍 창밀로 34,128.5047184743,35.5459382738,20250509,20250510
창녕낙동강유채축제,경상남도 창녕군 남지읍 남지강변길 177,128.4712035543,35.3853724249,20250418,20250420
창덕궁 달빛기행,서울특별시 종로구 율곡로 99 (와룡동),126.9902446339,37.5777031595,20250410,20250615
천년나주목읍성문화축제,전라남도 나주시 금성관길 8 (과원동),126.7166449155,35.0323844191,20250404,20250406
천리포수목원 목련축제,충청남도 태안군 소원면 천리포1길 187,126.1501561964,36.7984621051,20250328,20250420
천리포수목원 봄축제,충청남도 태안군 소원면 천리포1길 187,126.1501561964,36.7984621051,20250328,20250531
천안흥타령춤축제,충청남도 천안시 서북구 번영로 208 종합운동장,127.1114686823,36.8194930438,20250924,20250928
철원 한탄강 얼음트레킹 축제,강원특별자치도 철원군 동송읍 장흥리 25-203,127.2949601763,38.1891513118,20250111,20250119
청강과 함께하는 해월 애니메이션축제,경기도 이천시 마장면 청강가창로 389-94,127.3565524402,37.2063916868,20250524,20250524
청도 정월대보름민속한마당,경상북도 청도군 한내길 166 청도군농업인회관,128.7474138695,35.6458397895,20250212,20250212
청도 프로방스 빛축제,경상북도 청도군 화양읍 이슬미로 272-23,128.7183236986,35.6840293872,20250111,20251130
청도 프로방스 크리스마스 산타마을 빛축제,경상북도 청도군 화양읍 이슬미로 272-23,128.7182014851,35.6841071536,20241101,20250430
청송사과축제,경상북도 청송군 청송읍 금월로 269,129.0560170960,36.4331702505,20251029,20251102
청주 가드닝 페스티벌,충청북도 청주시 청원구 밀레니엄1로 18 (주중동),127.4807753840,36.6812016484,20250509,20250511
청주공예비엔날레,충청북도 청주시 청원구 상당로 314,127.4923972539,36.6562491662,20250904,20251102
청주시 도시농업 페스티벌,충청북도 청주시 상당구 단재로 480-2 (지북동),127.5036398138,36.5873906011,20250502,20250505
청평 설빙 송어빙어 축제,경기도 가평군 청평면 강변로 17,127.4144875851,37.7348259279,20250111,20250303
춘천마임축제,강원특별자치도 춘천시 중도동,127.7001042023,37.8913435587,20250525,20250601
춘향제,전북특별자치도 남원시 요천로 1447 광한루,127.3799713796,35.4021539472,20250430,20250506
충주 다이브 페스티벌,충청북도 충주시 대림로 85 (호암동),127.9159229746,36.9580694127,20250612,20250615
카운트다운 부산,부산광역시 수영구 광안해변로 219 (광안동),129.1185477876,35.1538130576,20241231,20250101
캠핑요리축제,경기도 연천군 연천읍 고문리,127.1261043175,38.0646322112,20250425,20250427
코리아비건페어 2025,서울특별시 강남구 영동대로 513,127.0594429796,37.5117148467,20250718,20250720
코믹월드 318 일산,경기도 고양시 일산서구 킨텍스로 217-60 (대화동),126.7458171427,37.6689881691,20250322,20250323
코믹월드 319 부산,부산광역시 해운대구 APEC로 55,129.1359569660,35.1690700054,20250412,20250413
킹받는 크리스마스,경기도 용인시 기흥구 민속촌로 90 (보라동),127.1145951569,37.2567648379,20241123,20250101
탐라국 입춘굿,제주특별자치도 제주시 관덕로 19 (삼도이동),126.5214868984,33.5133982514,20250202,20250204
태백 천상의 산나물 축제,강원특별자치도 태백시 장성동,129.0096625526,37.1010263860,20250502,20250504
태백겨울축제,강원특별자치도 태백시 소도동,128.9491897281,37.1157874148,20250207,20250216
태안 빛축제,충청남도 태안군 남면 마검포길 200,126.2998807800,36.6151330244,20250101,20251231
태안 세계튤립꽃박람회,충청남도 태안군 안면읍 꽃지해안로 400,126.3367832048,36.5012051019,20250408,20250506
태안봄꽃정원,충청남도 태안군 남면 마검포길 200,126.3021444363,36.6161912748,20250403,20250630
태화강 마두희 축제,울산광역시 중구 성남동,129.3158389761,35.5519831764,20250530,20250601
통영 국가유산 야행,경상남도 통영시 세병로 27 (문화동),128.4233665277,34.8471458449,20250503,20250504
통영한산대첩축제,경상남도 통영시 통영해안로 267 (항남동),128.4246527027,34.8404410623,20250809,20250814
파워풀대구페스티벌,대구광역시 중구 동성로2길 80 (공평동),128.5971819845,35.8693367591,20250510,20250511
파주슈필 2025,경기도 파주시 얼음실로 40 경기영어마을파주캠프,126.6985404091,37.7852432234,20250510,20250511
파주출판도시 어린이책잔치,경기도 파주시 회동길 145 (문발동),126.6872158296,37.7086408405,20250503,20250505
페스티벌 시월,부산광역시 해운대구 APEC로 55 (우동),129.1355209016,35.1687450332,20250921,20251003
펫가족여행박람회,인천광역시 연수구 센트럴로 123 (송도동),126.6466173186,37.3900244069,20250418,20250420
평창송어축제,강원특별자치도 평창군 진부면 경강로 3562,128.5570176323,37.6332341484,20250103,20250202
평택거리문화축제,경기도 평택시 평택1로 2-1 (평택동),127.0869633560,36.9923087979,20250426,20250427
포천 한탄강 가든페스타,경기도 포천시 관인면 창동로 832,127.2085962208,38.0829871310,20250503,20250615
포천백운계곡 동장군축제,경기도 포천시 포화로 236-11,127.4095586709,38.0730419918,20241221,20250202
포트 빌리지 부산,부산광역시 중구 중앙동4가,129.0413641840,35.1044254946,20250425,20250511
포항 장기유배문화제,경상북도 포항시 남구 장기면 장기로 452,129.4860557445,35.9033940425,20250412,20250420
포항 해병대 문화축제,경상북도 포항시 남구 오천읍 용덕리,129.4138349761,35.9759066972,20250419,20250420
포항국제불빛축제,경상북도 포항시 남구 해도동,129.3745066592,36.0177762143,20250524,20250601
퓨처그라운드 (FUTUREGROUND),서울특별시 성북구 동소문로 315 (길음동),127.0287596953,37.6084530549,20250419,20250511
피나클랜드 백만송이 튤립 수선화 봄꽃대향연,충청남도 아산시 영인면 월선길 20-42,126.9263422708,36.8725197718,20250322,20250525
피노키오 페스티벌,경기도 가평군 청평면 호반로 1063,127.4909256481,37.7150574078,20250404,20250430
피아노섬 축제,전라남도 신안군 자은면 자은서부2길 508-65,125.9959235736,34.8779816821,20250426,20250427
하늘빛수목정원 튤립축제,전라남도 장흥군 용산면 장흥대로 2746,126.9033576462,34.6357016111,20250407,20250430
하동 야생차문화축제,경상남도 하동군 쌍계로 571-25,127.6425916883,35.2252590446,20250502,20250505
한강역사탐방,서울특별시 영등포구 여의동로 330 (여의도동),126.9336095794,37.5263997727,20250404,20251130
한국-캐나다 무용 공동제작 프로젝트 〈BODY (몸)〉,서울특별시 마포구 백범로 35 (신수동),126.9379473591,37.5516830237,20240901,20250307
한국동시축제,전북특별자치도 부안군 부안읍 선은1길 10,126.7353949045,35.7399601044,20250517,20250517
한내천 봄꽃축제,경기도 광명시 소하동,126.8862577714,37.4477275092,20250411,20250412
한림공원 수선화 축제,제주특별자치도 제주시 한림읍 한림로 300,126.2381087692,33.3897241270,20250113,20250131
한산모시문화제,충청남도 서천군 한산면 충절로 1089,126.7987054614,36.0799251950,20250613,20250615
한옥마을전통연희 퍼레이드-노상놀이야,전북특별자치도 전주시 완산구 태조로 44 (풍남동3가),127.1500366062,35.8142143363,20250412,20251025
함안곶감축제,경상남도 함안군 함안대로 619-4 함안스포츠타운,128.3980294582,35.2804495735,20250110,20250112
함안군민의 날,경상남도 함안군 가야읍 함안대로 619-1,128.4014040930,35.2830437871,20250425,20250427
함양산삼축제,경상남도 함양군 함양읍 필봉산길 49,127.7218713327,35.5237239599,20250918,20250922
함평나비대축제,전라남도 함평군 함평읍 곤재로 27,126.5222114574,35.0592031554,20250425,20250506
해남 오시아노 낭만캠핑 페스티벌,전라남도 해남군 화원면 시아로 552,126.2600412997,34.6681957085,20250405,20250406
해운대 모래축제,부산광역시 해운대구 해운대해변로 280 (중동),129.1626049105,35.1595354549,20250516,20250519
해운대 빛축제,부산광역시 해운대구 중동,129.1603606759,35.1590160274,20241214,20250202
행주가 예술이야,경기도 고양시 덕양구 행주로15번길 89 (행주외동),126.8246035434,37.6004808800,20250411,20250427
허난설헌문화제,경기도 광주시 회안대로 891 (송정동),127.2547387449,37.4269615361,20250524,20250524
호미곶한민족해맞이축전,경상북도 포항시 남구 호미곶면 해맞이로 136,129.5665381255,36.0761066323,20241231,20250101
"호수의 가을과 겨울,그리고 루미나리에",서울특별시 송파구 송파나루길 206 송파관광정보센터,127.1042611168,37.5119517366,20241025,20250228
홍성남당항 바다송어 전국 요리대회 및 수산물 소비촉진 행사,충청남도 홍성군 서부면 남당항로213번길 1-1,126.4722949870,36.5388780826,20250410,20250531
홍성남당항 새조개와 함께하는 수산물 축제,충청남도 홍성군 서부면 남당항로213번길 1-1,126.4722949870,36.5388780826,20250207,20250228
홍천강 꽁꽁축제,강원특별자치도 홍천군 홍천읍 갈마곡리,127.8867488167,37.6881873125,20250118,20250201
화개장터 벚꽃축제,경상남도 하동군 화개면 탑리,127.6276576813,35.1947677761,20250328,20250330
화담숲 봄 수선화 축제,경기도 광주시 도척윗로 278-1,127.2894380446,37.3408165888,20250328,20250430
화성 뱃놀이 축제,경기도 화성시 서신면 전곡항로 5,126.6510336560,37.1855870833,20250530,20250601
황매산철쭉제,경상남도 합천군 가회면 황매산공원길 331,127.9831021731,35.4822804994,20250501,20250511
후유마츠리 겨울축제,경기도 동두천시 천보산로 567-12 (탑동동),127.0924044440,37.8796198573,20241221,20250101
휴애리 동백축제,제주특별자치도 서귀포시 남원읍 신례동로 256,126.6344317363,33.3085171454,20241116,20250131
휴애리 유채꽃 축제,제주특별자치도 서귀포시 신례동로 256 휴애리,126.6336401426,33.3083171551,20250120,20250430
2024 제주비엔날레,제주특별자치도 제주시 1100로 2894-78 (연동),126.4897160381,33.4525878104,20241126,20250216
2025 LOTTE WORLD TOWER SKY RUN with SPYDER,서울특별시 송파구 올림픽로 300 (신천동),127.1040749597,37.5141653654,20250420,20250420
2025 YTN 제13회 남산 가족 걷기대회,서울특별시 중구 회현동1가,126.9792157280,37.5549528276,20250405,20250405
2025 고흥 녹동항 드론쇼,전라남도 고흥군 도양읍 봉암리,127.1341150954,34.5256344743,20250412,20251025
2025 국민고향 남해 마시고 RUN,경상남도 남해군 창선면 동부대로 2308,128.0160572268,34.8622341614,20250426,20250426
2025 국제 팝페라&재즈 축제,서울특별시 송파구 송파나루길 206 (신천동),127.1042611168,37.5119517366,20250417,20250417
2025 대한민국 라면박람회,서울특별시 강서구 마곡중앙로 143 (마곡동),126.8254071964,37.5667792585,20250404,20250406
2025 문화가 흐르는 서울광장,서울특별시 중구 을지로 지하12 (을지로1가),126.9787960237,37.5655015943,20250507,20251130
2025 보드게임페스타(세텍),서울특별시 강남구 남부순환로 3104 (대치동),127.0707673919,37.4960890861,20250405,20250406
2025 서울국제정원박람회,서울특별시 동작구 여의대방로20길 33 (신대방동),126.9195061947,37.4949448412,20250522,20251020
2025 선양맨몸마라톤,대전광역시 유성구 대덕대로 480 (도룡동),127.3802705364,36.3759931713,20250101,20250101
2025 신관사또부임행차,전북특별자치도 남원시 요천로 1447 (천거동),127.3799713796,35.4021539472,20250412,20251025
2025 영동세계국악엑스포(2025 Yeongdong World Traditional Music & Arts Expo),충청북도 영동군 영동읍 영동힐링로 117,127.7865319410,36.1563977278,20250912,20251011
2025 울산자전거대축전,울산광역시 남구 신정동,129.3076286251,35.5504415288,20250419,20250419
2025 은파 벚꽃야시장,전북특별자치도 군산시 은파순환길 9 (나운동),126.6890296177,35.9553819831,20250328,20250413
2025 인터내셔널 키스포츠페스티벌 부산,부산광역시 해운대구 APEC로 55 (우동),129.1355209016,35.1687450332,20250712,20250713
2025 작가미술장터 ONE PICK MARKET,세종특별자치시 조치원읍 수원지길 75-21,117.9925662504,19.6944274800,20250514,20250518
2025 지구시민런,서울특별시 마포구 월드컵로 251 (성산동),126.8964785141,37.5659583996,20250420,20250420
2025 청산도슬로걷기축제,전라남도 완도군 청산면,126.8590030820,34.1798852008,20250405,20250504
2025 캠핑&피크닉페어,경기도 고양시 일산서구 킨텍스로 217-59 (대화동),126.7420787151,37.6647497067,20250313,20250316
2025 컬러레이스,부산광역시 강서구 가락대로 929 (범방동),128.8819461313,35.1548752485,20250524,20250524
2025 코리아그랜드세일,서울특별시 종로구 인사동5길 29 태화빌딩,126.9848563969,37.5720398320,20250115,20250228
2025 푸르메워크 남산,서울특별시 중구 남산공원길 649 (회현동1가),126.9838042302,37.5538474828,20250419,20250419
2025 한강 불빛 공연(드론 라이트 쇼),서울특별시 광진구 강변북로 2273 (자양동),127.0739939307,37.5294186076,20250412,20250525
2025서울국제불교박람회,서울특별시 강남구 영동대로 513 (삼성동),127.0592179950,37.5119175967,20250403,20250406
4·19혁명국민문화제,서울특별시 강북구 도봉로89길 13 (수유동),127.0256702080,37.6393938461,20250412,20250419
9.81파크 <981 한라산에 빠지다>,제주특별자치도 제주시 애월읍 천덕로 880-24,126.3673891687,33.3909038082,20250108,20251231
981 러키뉴이어!,제주특별자치도 제주시 애월읍 천덕로 880-24,126.3673891687,33.3909038082,20250101,20250202
APAP 작품투어,경기도 안양시 만안구 예술공원로 180 (안양동),126.9256299791,37.4195037091,20250402,20251130
Colorful Garden 자라섬 꽃 페스타,경기도 가평군 가평읍 자라섬로 60,127.5209420444,37.8208206631,20250524,20250615
DDP 건축투어,서울특별시 중구 을지로 281 (을지로7가),127.0095709797,37.5661076320,20250101,20251231
DDPlay 3월 농부시장 마르쉐,서울특별시 중구 을지로 281 (을지로7가),127.0095709797,37.5661076320,20250323,20250323
K-비건뷰티페어,서울특별시 강남구 영동대로 513 (삼성동),127.0592179950,37.5119175967,20250718,20250720
K-일러스트레이션페어 마곡 2025,서울특별시 강서구 마곡중앙로 143 (마곡동),126.8254071964,37.5667792585,20250821,20250824
K-일러스트레이션페어 부산 2025,부산광역시 해운대구 APEC로 55,129.1363402640,35.1691366711,20250620,20250622
K-일러스트레이션페어 서울 2025,서울특별시 강남구 영동대로 513 코엑스,127.0592179950,37.5119175967,20250206,20250209
K-푸드 페스티벌 넉넉,서울특별시 종로구 세종대로 지하189 (세종로),126.9759766097,37.5734839492,20240529,20250531
K-푸드페스타,서울특별시 강서구 마곡중앙로 143 (마곡동),126.8254071964,37.5667792585,20250829,20250831
K-핸드메이드페어 2025,서울특별시 강남구 영동대로 513,127.0591318945,37.5118092746,20251218,20251221
K-핸드메이드페어 부산 2025,부산광역시 해운대구 APEC로 30 (우동),129.1349765853,35.1658036857,20250620,20250622
WELLNESS on ISLAND,강원특별자치도 춘천시 남산면 남이섬길 1,127.5255090138,37.7963208193,20250510,20250511
Winter Wonder Nami Island,강원특별자치도 춘천시 남산면 남이섬길 1,127.5261035858,37.7901159965,20241201,20250228
